BEGIN;

INSERT INTO employee_settings VALUES (116, 't', 't', 't', 't', 't', 't'), (3, 't', 't', 't', 't', 't', 't'), (2, 't', 't', 't', 't', 't', 't'), (86, 't', 't', 't', 't', 't', 't'), (10, 't', 't', 't', 't', 't', 't'), (33, 't', 't', 't', 't', 't', 't'), (115, 't', 't', 't', 't', 't', 't'), (1, 't', 't', 't', 't', 't', 't'), (4, 't', 't', 't', 't', 't', 't'), (5, 't', 't', 't', 't', 't', 't'), (6, 't', 't', 't', 't', 't', 't'), (7, 't', 't', 't', 't', 't', 't'), (8, 't', 't', 't', 't', 't', 't'), (9, 't', 't', 't', 't', 't', 't'), (11, 't', 't', 't', 't', 't', 't'), (12, 't', 't', 't', 't', 't', 't'), (14, 't', 't', 't', 't', 't', 't'), (15, 't', 't', 't', 't', 't', 't'), (16, 't', 't', 't', 't', 't', 't'), (17, 't', 't', 't', 't', 't', 't'), (18, 't', 't', 't', 't', 't', 't'), (19, 't', 't', 't', 't', 't', 't'), (21, 't', 't', 't', 't', 't', 't'), (22, 't', 't', 't', 't', 't', 't'), (26, 't', 't', 't', 't', 't', 't'), (28, 't', 't', 't', 't', 't', 't'), (34, 't', 't', 't', 't', 't', 't'), (36, 't', 't', 't', 't', 't', 't'), (37, 't', 't', 't', 't', 't', 't'), (38, 't', 't', 't', 't', 't', 't'), (40, 't', 't', 't', 't', 't', 't'), (41, 't', 't', 't', 't', 't', 't'), (42, 't', 't', 't', 't', 't', 't'), (43, 't', 't', 't', 't', 't', 't'), (44, 't', 't', 't', 't', 't', 't'), (46, 't', 't', 't', 't', 't', 't'), (50, 't', 't', 't', 't', 't', 't'), (51, 't', 't', 't', 't', 't', 't'), (55, 't', 't', 't', 't', 't', 't'), (56, 't', 't', 't', 't', 't', 't'), (57, 't', 't', 't', 't', 't', 't'), (59, 't', 't', 't', 't', 't', 't'), (61, 't', 't', 't', 't', 't', 't'), (63, 't', 't', 't', 't', 't', 't'), (64, 't', 't', 't', 't', 't', 't'), (66, 't', 't', 't', 't', 't', 't'), (67, 't', 't', 't', 't', 't', 't'), (68, 't', 't', 't', 't', 't', 't'), (70, 't', 't', 't', 't', 't', 't'), (73, 't', 't', 't', 't', 't', 't'), (74, 't', 't', 't', 't', 't', 't'), (75, 't', 't', 't', 't', 't', 't'), (76, 't', 't', 't', 't', 't', 't'), (77, 't', 't', 't', 't', 't', 't'), (78, 't', 't', 't', 't', 't', 't'), (79, 't', 't', 't', 't', 't', 't'), (80, 't', 't', 't', 't', 't', 't'), (81, 't', 't', 't', 't', 't', 't'), (87, 't', 't', 't', 't', 't', 't'), (88, 't', 't', 't', 't', 't', 't'), (89, 't', 't', 't', 't', 't', 't'), (90, 't', 't', 't', 't', 't', 't'), (91, 't', 't', 't', 't', 't', 't'), (92, 't', 't', 't', 't', 't', 't'), (93, 't', 't', 't', 't', 't', 't'), (94, 't', 't', 't', 't', 't', 't'), (95, 't', 't', 't', 't', 't', 't'), (96, 't', 't', 't', 't', 't', 't'), (97, 't', 't', 't', 't', 't', 't'), (98, 't', 't', 't', 't', 't', 't'), (99, 't', 't', 't', 't', 't', 't'), (100, 't', 't', 't', 't', 't', 't'), (104, 't', 't', 't', 't', 't', 't'), (105, 't', 't', 't', 't', 't', 't'), (106, 't', 't', 't', 't', 't', 't'), (107, 't', 't', 't', 't', 't', 't'), (108, 't', 't', 't', 't', 't', 't'), (109, 't', 't', 't', 't', 't', 't'), (111, 't', 't', 't', 't', 't', 't'), (195, 't', 't', 't', 't', 't', 't'), (196, 't', 't', 't', 't', 't', 't'), (197, 't', 't', 't', 't', 't', 't'), (198, 't', 't', 't', 't', 't', 't'), (199, 't', 't', 't', 't', 't', 't'), (200, 't', 't', 't', 't', 't', 't'), (201, 't', 't', 't', 't', 't', 't'), (202, 't', 't', 't', 't', 't', 't'), (203, 't', 't', 't', 't', 't', 't'), (204, 't', 't', 't', 't', 't', 't'), (221, 't', 't', 't', 't', 't', 't'), (222, 't', 't', 't', 't', 't', 't'), (223, 't', 't', 't', 't', 't', 't');

INSERT INTO profession VALUES (1, 'Designer'), (2, 'Annet'), (3, 'Teknolog');

UPDATE employees 
    SET profession_id=
    CASE
        WHEN role = 'Designer' THEN 1
        WHEN role = 'Annet' THEN 2
        WHEN role = 'Teknolog' THEN 3
    END;

INSERT INTO process_template VALUES ('Onboarding', 'onboarding'), ('Offboarding', 'offboarding'), ('Løpende', 'lopende');

INSERT INTO phase VALUES ('forOppstart', 'Før oppstart', 'onboarding', '2021-12-22 18:38:33.768', '-7', NULL, 't'), ('1.kvartal', '1. Kvartal', 'lopende', '2021-12-22 18:38:33.768', 0, '2021-03-31 00:00:00', 't'), ('siste_arbeidsdag', 'Siste arbeidsdag', 'offboarding', '2021-12-22 18:38:33.768', 0, NULL, 't'), ('a236ce06-cff0-4fdd-9b09-ca0353a13c9c', '2. Kvartal', 'lopende', '2021-09-28 11:45:13.438', 0, '2022-06-30 12:38:08', 't'), ('1ee98988-fab4-4640-b59e-b1311b2f2362', '3. Kvartal', 'lopende', '2022-01-07 13:38:18.945', NULL, '2022-09-30 12:38:18', 't'), ('a33b103f-150c-42cb-97ac-13b9fabb42e2', '4. Kvartal', 'lopende', '2022-01-07 13:38:29.978', NULL, '2022-12-31 13:38:29', 't');

INSERT INTO task VALUES  ('25d476fc-3ba4-4011-87aa-42fc4b776d0c', 'Personalsamtale', '', '', 't', 'a236ce06-cff0-4fdd-9b09-ca0353a13c9c', NULL, '2021-09-28 11:45:39.145', 't', NULL, NULL, 'HR_MANAGER'), ('task3', 'Avslutningssamtale', 'Snakk om hvordan ting har gått', NULL, 't', 'siste_arbeidsdag', NULL, '2021-12-22 18:38:33.768', 't', NULL, NULL, 'HR_MANAGER'), ('f7650ffe-229b-49eb-9abc-5b07a009620c', 'Personamtouch', '', '', 't', 'a33b103f-150c-42cb-97ac-13b9fabb42e2', NULL, '2022-01-07 13:39:09.578', 't', NULL, NULL, 'HR_MANAGER'), ('task1', 'Registrere i Tripletex', '# TripletexNULLDen må gjøres før denne dagen', 'https://www.tripletex.no/', 't', 'forOppstart', NULL, '2021-12-22 18:38:33.768', 't', NULL, NULL, 'HR_MANAGER'), ('0b2cc3fe-cc69-4a25-a15f-3e5256e174b7', 'Lunsj teknolog', '', '', 't', '1ee98988-fab4-4640-b59e-b1311b2f2362', 2, '2022-01-07 13:38:50.24', 't', NULL, NULL, 'OTHER'), ('e6951124-bdfc-44c0-8e80-6b9cd9b8ddb0', 'Lunsj design', '', '', 't', '1ee98988-fab4-4640-b59e-b1311b2f2362', 3, '2022-01-07 13:39:02.97', 't', NULL, NULL, 'OTHER'), ('5bdfb66c-4734-48b9-a91f-6213b70c989c', 'Oppdrag samtale', '', '', 't', '1.kvartal', NULL, '2022-02-21 12:54:06.805', 'f', NULL, NULL, 'PROJECT_MANAGER'), ('784b9a82-c840-445f-acf0-9130ac4aef54', 'Oppdragssamtale', 'My favorite search engine is [Duck Duck Go](https://duckduckgo.com).NULL', '', 't', '1.kvartal', NULL, '2022-02-21 12:53:39.533', 't', NULL, NULL, 'PROJECT_MANAGER'), ('task2', 'Personaltouch', 'Hør om alt har gått **bra**!', NULL, 't', '1.kvartal', NULL, '2021-12-22 18:38:33.768', 't', NULL, NULL, 'HR_MANAGER'), ('c6fc0ed0-2c89-4c06-bd29-b41f96ee59b0', 'Fagsamtale', 'Diskuter:NULL* Hvilke prosjekter har han/hun vært fornøyd med?NULL* Hvilke teknologier ønsker han/hun å jobbe mer med?', '', 't', '1.kvartal', NULL, '2022-03-27 13:23:53.026', 't', NULL, NULL, 'HR_MANAGER');

INSERT INTO profession_task VALUES  (1, '25d476fc-3ba4-4011-87aa-42fc4b776d0c'), (2, '25d476fc-3ba4-4011-87aa-42fc4b776d0c'), (3, '25d476fc-3ba4-4011-87aa-42fc4b776d0c'), (1, 'task3'), (2, 'task3'), (3, 'task3'), (3, '0b2cc3fe-cc69-4a25-a15f-3e5256e174b7'), (1, 'e6951124-bdfc-44c0-8e80-6b9cd9b8ddb0'), (1, 'f7650ffe-229b-49eb-9abc-5b07a009620c'), (2, 'f7650ffe-229b-49eb-9abc-5b07a009620c'), (3, 'f7650ffe-229b-49eb-9abc-5b07a009620c'), (1, 'task1'), (2, 'task1'), (3, 'task1'), (1, '5bdfb66c-4734-48b9-a91f-6213b70c989c'), (2, '5bdfb66c-4734-48b9-a91f-6213b70c989c'), (3, '5bdfb66c-4734-48b9-a91f-6213b70c989c'), (1, '784b9a82-c840-445f-acf0-9130ac4aef54'), (2, '784b9a82-c840-445f-acf0-9130ac4aef54'), (3, '784b9a82-c840-445f-acf0-9130ac4aef54'), (1, 'task2'), (2, 'task2'), (3, 'task2'), (1, 'c6fc0ed0-2c89-4c06-bd29-b41f96ee59b0'), (2, 'c6fc0ed0-2c89-4c06-bd29-b41f96ee59b0'), (3, 'c6fc0ed0-2c89-4c06-bd29-b41f96ee59b0');

COMMIT;